{
  "model1": {
    "volt": {
      "sensor": "volt",
      "lower": 135.45094085693358,
      "upper": 207.94333404541013,
      "p50": 170.55743408203125,
      "mean": 170.7071533203125,
      "std": 15.504148483276367
    },
    "rotate": {
      "sensor": "rotate",
      "lower": 318.3617724609375,
      "upper": 565.4353771972654,
      "p50": 447.7296142578125,
      "mean": 446.87689208984375,
      "std": 52.55876159667969
    },
    "pressure": {
      "sensor": "pressure",
      "lower": 77.024052734375,
      "upper": 133.6327847290039,
      "p50": 100.57976531982422,
      "mean": 101.10668182373047,
      "std": 11.311155319213867
    },
    "vibration": {
      "sensor": "vibration",
      "lower": 28.454685554504394,
      "upper": 54.32193801879881,
      "p50": 40.279823303222656,
      "mean": 40.412742614746094,
      "std": 5.379732131958008
    }
  },
  "model2": {
    "volt": {
      "sensor": "volt",
      "lower": 135.51088653564454,
      "upper": 208.26682846069338,
      "p50": 170.5485382080078,
      "mean": 170.7674102783203,
      "std": 15.525301933288574
    },
    "rotate": {
      "sensor": "rotate",
      "lower": 318.44856048583983,
      "upper": 565.656223754883,
      "p50": 447.6490478515625,
      "mean": 446.7854919433594,
      "std": 52.43324661254883
    },
    "pressure": {
      "sensor": "pressure",
      "lower": 76.97064483642578,
      "upper": 132.68357757568361,
      "p50": 100.5538330078125,
      "mean": 101.04840850830078,
      "std": 11.209569931030273
    },
    "vibration": {
      "sensor": "vibration",
      "lower": 28.48827180862427,
      "upper": 54.235137710571294,
      "p50": 40.197998046875,
      "mean": 40.36542510986328,
      "std": 5.354986190795898
    }
  },
  "model3": {
    "volt": {
      "sensor": "volt",
      "lower": 135.357998046875,
      "upper": 207.86494506835942,
      "p50": 170.65447998046875,
      "mean": 170.79025268554688,
      "std": 15.442322731018066
    },
    "rotate": {
      "sensor": "rotate",
      "lower": 316.75469299316404,
      "upper": 565.5789013671877,
      "p50": 447.73907470703125,
      "mean": 446.7328186035156,
      "std": 52.563018798828125
    },
    "pressure": {
      "sensor": "pressure",
      "lower": 76.8792121887207,
      "upper": 130.20656097412112,
      "p50": 100.3134536743164,
      "mean": 100.66133880615234,
      "std": 10.842904090881348
    },
    "vibration": {
      "sensor": "vibration",
      "lower": 28.493362655639647,
      "upper": 54.07889289855957,
      "p50": 40.24284744262695,
      "mean": 40.384124755859375,
      "std": 5.343611240386963
    }
  },
  "model4": {
    "volt": {
      "sensor": "volt",
      "lower": 135.44312438964843,
      "upper": 207.8126739501953,
      "p50": 170.5353546142578,
      "mean": 170.7061309814453,
      "std": 15.425529479980469
    },
    "rotate": {
      "sensor": "rotate",
      "lower": 319.389453125,
      "upper": 565.5917602539062,
      "p50": 448.0580749511719,
      "mean": 447.1640625,
      "std": 52.21343231201172
    },
    "pressure": {
      "sensor": "pressure",
      "lower": 76.71861267089844,
      "upper": 129.8705871582031,
      "p50": 100.2796401977539,
      "mean": 100.62030029296875,
      "std": 10.803793907165527
    },
    "vibration": {
      "sensor": "vibration",
      "lower": 28.37265739440918,
      "upper": 54.00739669799803,
      "p50": 40.18672561645508,
      "mean": 40.33138656616211,
      "std": 5.352014064788818
    }
  }
}